"Model","dof","AIC","BIC"
"mJ1",16,-56738.1686708771,-56592.6470015227
"mJ2",16,-56736.0957013689,-56590.5740320144
"mJ3",16,-57004.5414976304,-56859.0198282759
