"Model","dof","AIC","BIC"
"mH1",16,-56757.1113576916,-56611.5896883372
"mH2",16,-56755.1219215759,-56609.6002522214
"mH3",16,-57023.6700459232,-56878.1483765688
