"Model","dof","AIC","BIC"
"mJ1",16,1375917.78412623,1376099.41270818
"mJ2",16,1375868.25343637,1376049.88201831
"mJ3",16,1375871.53194272,1376053.16052467
