"","Estimate","Std. Error","df","t value","Pr(>|t|)"
"(Intercept)",0.290439171694582,0.0287004236012696,325.964886936647,10.119682403633,4.10768567283564e-21
"pcs_J",0.0120797246643226,0.028353692792205,3676.41283478846,0.426037086345366,0.670105763083672
"scs",0.0932523911850953,0.0256186508907966,3165.89187938023,3.64001959285826,0.000276976682117524
"tcs",0.225873492790647,0.0354978186352496,268.832401481109,6.3630245878363,8.48563844284121e-10
"pcs_J:scs",0.0449255292668673,0.0313988636956531,48842.0006347337,1.43080111759225,0.152493620376669
"pcs_J:tcs",-0.027234957251763,0.0288256715933893,10050.2783488945,-0.944816052716319,0.344775507907815
"scs:tcs",-0.0963554942576847,0.0263014547188798,5556.76346416448,-3.66350436839216,0.0002511048537658
