"Model","dof","AIC","BIC"
"mJ1",11,-42055.3093648091,-41957.2880823643
"mJ2",20,-44283.151074796,-44104.9305612599
