"","Estimate","Std. Error","df","t value","Pr(>|t|)"
"(Intercept)",0.296534560771841,0.0249412850313942,217.261341860559,11.8893056391676,1.94460083776219e-25
"pcs_H",0.079541061138965,0.0238516677609326,4065.01994969496,3.33482178002025,0.00086119155769538
"scs",0.116104671789483,0.0217444251007093,1744.24796330231,5.33951443883865,1.05419482934561e-07
"tcs",0.216874098305397,0.0330125993529633,192.960780127065,6.56943417228759,4.57836588302275e-10
"pcs_H:scs",-0.117697725133466,0.0268306428750488,40700.7431409563,-4.38669045991883,1.15377142949621e-05
"pcs_H:tcs",-0.0258000712731797,0.0244659975942389,4676.23966629795,-1.05452766329279,0.291695883055039
"scs:tcs",-0.0997397445472937,0.0278725285185254,6399.37542443863,-3.5784247016198,0.00034822952933494
