"Model","dof","AIC","BIC"
"mH1",11,-42432.6376172361,-42334.7281522679
"mH2",20,-44736.4007811624,-44558.3835721292
