metric,dof,t_stat,p_val,p_val_fdr
H,126,10.466725354020765,7.854941729703485e-19,1.963735432425871e-18
HS,126,7.373296503529197,1.9473432789271066e-11,3.245572131545178e-11
HR,126,10.575272909290518,4.254100024748967e-19,1.963735432425871e-18
J,126,0.1027614352768046,0.9183156826046823,0.9183156826046823
JFL,126,3.3701761851937047,0.0009974873720228895,0.001246859215028612
