"Model","dof","AIC","BIC"
"mH1",14,1296761.37866864,1296919.51909994
"mH2",16,1296703.53043278,1296884.26235426
