"Model","dof","AIC","BIC"
"mJ1",14,1296934.87994857,1297093.02037987
"mJ2",16,1296899.78733198,1297080.51925346
