"Model","dof","AIC","BIC"
"mH1",16,1375940.1872376,1376121.81581955
"mH2",16,1375890.98693088,1376072.61551282
"mH3",16,1375894.44806185,1376076.0766438
