Source,ddof1,ddof2,F,p-unc,ng2,eps
resp_type,2,252,3.8681428057088696,0.022149162913985266,0.017594554719920132,0.9060897095171797
