exp_type,t_stat,p_val,dof
intracranial,-2.245389075469118,0.025270163697720588,414
scalp,-5.661271511802131,9.642992850817146e-08,126
