metric,comparison,dof,t_stat,p_val,p_val_fdr
H,pli,126,7.206217503128131,4.6573792310210616e-11,9.314758462042123e-11
H,eli,126,14.625708153129182,6.263121382776206e-29,1.8789364148328618e-28
H,intr,126,4.577637768900254,1.1121444399085023e-05,1.6682166598627533e-05
J,pli,126,4.374154523530508,2.5285455181944694e-05,3.034254621833363e-05
J,eli,126,15.452771180748686,7.176527266424589e-31,4.305916359854753e-30
J,intr,126,1.9132679353710145,0.057982531077120605,0.057982531077120605
