score,dof,t_stat,p_val
scs,126,24.916531477472766,1.5869948797061788e-50
