exp_type,t_stat,p_val,dof
intracranial,4.7698391970398974,2.5494839595925858e-06,419
scalp,24.917466313941826,1.5807608106594134e-50,126
