exp_type,t_stat,p_val,dof
intracranial,29.929751209796542,4.2348783434283825e-106,419
scalp,28.94888264654829,1.6077475391540929e-57,126
