score,dof,t_stat,p_val
tcs,126,30.158261986146186,1.7657798515067707e-59
